order_id,order_date,customer_name,city,product_category,amount,payment_mode
1001,2026-04-24,Rohit,Mumbai,Fashion,1012,Cash
1002,2026-04-19,Simran,Jaipur,Electronics,939,UPI
1003,2026-04-17,Ravi,Jaipur,Sports,0,Cash
1004,2026-04-08,Vivek,mumbai,Electronics,abc,Cash
1005,2026-04-09,Aman,Mumbai,Grocery,-500,UPI
1006,2026-04-04,Karan,Pune,Sports,abc,Card
1007,2026-04-18,Priya,pune,Electronics,abc,Card
1008,2026-04-23,Priya,Jaipur,Fashion,0,Card
1009,2026-04-28,Priya,pune,Grocery,0,CARD
1010,2026-04-12,Karan,Mumbai,Grocery,0,UPI
1011,2026-04-06,Vivek,pune,Grocery,0,Cash
1012,2026-04-08,Rahul,Pune,Home,2756,Card
1013,2026-04-30,Ravi,Pune,Fashion,0,CARD
1014,2026-04-05,Rohit,Delhi,Fashion,abc,Card
1015,2026-04-29,Ravi,pune,Grocery,abc,Cash
1016,2026-04-03,Rahul,jaipur,Fashion,abc,Cash
1017,2026-04-13,Simran,,Sports,3558,Card
1018,2026-04-22,Priya,mumbai,Grocery,4632,UPI
1019,2026-04-06,Vivek,Jaipur,Grocery,abc,Cash
1020,2026-04-28,,mumbai,Sports,4258,Cash
1021,2026-04-25,Aman,Jaipur,Sports,-500,Card
1022,2026-04-04,Karan,mumbai,Fashion,4102,UPI
1023,2026-04-03,Vivek,jaipur,Sports,2073,Cash
1024,2026-04-18,Aman,mumbai,Sports,abc,CARD
1025,2026-04-23,Rohit,pune,Grocery,0,CARD
1026,2026-04-04,Neha,Mumbai,Electronics,abc,Card
1027,2026-04-19,Neha,Jaipur,Electronics,0,UPI
1028,2026-04-29,Rahul,Pune,Electronics,1975,Cash
1029,2026-04-07,Sneha,Delhi,Sports,abc,CARD
1030,2026-04-26,Simran,Mumbai,Electronics,abc,UPI
1031,2026-04-14,Simran,,Electronics,-500,UPI
1032,2026-04-24,Karan,jaipur,Fashion,abc,Cash
1033,2026-04-05,Simran,Delhi,Grocery,abc,CARD
1034,2026-04-15,Sneha,jaipur,Electronics,2146,UPI
1035,2026-04-06,Simran,,Home,0,Cash
1036,2026-04-06,Simran,Jaipur,Home,3385,Card
1037,2026-04-14,Sneha,,Fashion,-500,Cash
1038,2026-04-02,Ravi,Jaipur,Grocery,0,UPI
1039,2026-04-17,Sneha,Delhi,Electronics,abc,UPI
1040,2026-04-20,Priya,Mumbai,Home,1622,UPI
1041,2026-04-19,Ravi,Jaipur,Sports,0,UPI
1042,2026-04-30,Rohit,Mumbai,Grocery,-500,Cash
1043,2026-04-05,,mumbai,Home,abc,Card
1044,2026-04-15,Ravi,jaipur,Electronics,694,Cash
1045,2026-04-05,Karan,jaipur,Fashion,-500,Card
1046,2026-04-15,Sneha,mumbai,Sports,0,UPI
1047,2026-04-30,,jaipur,Fashion,-500,Card
1048,2026-04-24,Sneha,Delhi,Grocery,1045,Card
1049,2026-04-07,,mumbai,Sports,-500,CARD
1050,2026-04-03,,pune,Grocery,2157,UPI
1051,2026-04-25,Aman,mumbai,Fashion,-500,CARD
1052,2026-04-18,Rahul,jaipur,Electronics,abc,Cash
1053,2026-04-27,Karan,Delhi,Home,4569,Cash
1054,2026-04-12,Rahul,Pune,Fashion,-500,Cash
1055,2026-04-25,Sneha,pune,Sports,-500,Cash
1056,2026-04-26,Aman,pune,Electronics,0,Cash
1057,2026-04-26,,Mumbai,Grocery,abc,Cash
1058,2026-04-28,Rahul,,Fashion,abc,Cash
1059,2026-04-10,Neha,Mumbai,Electronics,-500,Cash
1060,2026-04-09,Priya,mumbai,Grocery,-500,CARD
1061,2026-04-01,Priya,mumbai,Fashion,-500,Card
1062,2026-04-20,Simran,Pune,Grocery,413,CARD
1063,2026-04-13,Ravi,Mumbai,Grocery,4289,UPI
1064,2026-04-17,Sneha,Mumbai,Grocery,3672,CARD
1065,2026-04-20,Karan,jaipur,Grocery,-500,Card
1066,2026-04-13,Rohit,Delhi,Fashion,-500,CARD
1067,2026-04-20,Ravi,mumbai,Home,0,UPI
1068,2026-04-07,Simran,Pune,Home,-500,CARD
1069,2026-04-17,Vivek,Delhi,Electronics,0,Card
1070,2026-04-03,Neha,mumbai,Fashion,-500,Cash
1071,2026-04-02,Neha,,Sports,1307,UPI
1072,2026-04-29,,Mumbai,Home,abc,CARD
1073,2026-04-05,,Jaipur,Electronics,0,CARD
1074,2026-04-26,Sneha,,Electronics,0,Cash
1075,2026-04-05,Vivek,Pune,Home,abc,CARD
1076,2026-04-29,Aman,,Home,abc,Card
1077,2026-04-25,Sneha,,Fashion,-500,Card
1078,2026-04-23,Rohit,Mumbai,Grocery,3703,Card
1079,2026-04-05,Aman,Mumbai,Home,2719,Cash
1080,2026-04-14,Simran,Pune,Sports,1852,CARD
1081,2026-04-07,Simran,pune,Sports,3506,UPI
1082,2026-04-16,Rahul,Pune,Grocery,abc,CARD
1083,2026-04-16,Neha,mumbai,Home,0,CARD
1084,2026-04-11,,pune,Fashion,abc,CARD
1085,2026-04-30,Simran,Jaipur,Electronics,1145,CARD
1086,2026-04-06,Rahul,mumbai,Home,abc,Card
1087,2026-04-11,Karan,pune,Grocery,abc,CARD
1088,2026-04-16,Rahul,Jaipur,Grocery,2166,Cash
1089,2026-04-25,Rahul,Mumbai,Fashion,662,UPI
1090,2026-04-05,Vivek,jaipur,Sports,0,Cash
1091,2026-04-25,Karan,Delhi,Sports,-500,UPI
1092,2026-04-04,Ravi,Jaipur,Grocery,-500,CARD
1093,2026-04-03,Ravi,Mumbai,Electronics,0,Card
1094,2026-04-12,Sneha,pune,Grocery,1091,UPI
1095,2026-04-01,Simran,,Electronics,-500,CARD
1096,2026-04-23,Aman,pune,Fashion,abc,Card
1097,2026-04-15,Simran,mumbai,Grocery,abc,Cash
1098,2026-04-29,Vivek,Mumbai,Home,-500,CARD
1099,2026-04-16,Karan,Delhi,Home,2855,Cash
1100,2026-04-11,Rohit,mumbai,Sports,-500,UPI
1101,2026-04-03,Neha,pune,Home,0,Cash
1102,2026-04-15,Rahul,jaipur,Grocery,abc,Cash
1103,2026-04-10,,Pune,Home,0,Card
1104,2026-04-12,Vivek,mumbai,Grocery,-500,Card
1105,2026-04-24,Neha,Pune,Electronics,1988,Cash
1106,2026-04-24,Vivek,mumbai,Sports,0,Card
1107,2026-04-10,Neha,Pune,Fashion,0,Card
1108,2026-04-09,Rahul,Jaipur,Sports,0,Card
1109,2026-04-04,Rahul,mumbai,Home,abc,CARD
1110,2026-04-06,Rahul,mumbai,Home,-500,UPI
1111,2026-04-16,Priya,Jaipur,Fashion,abc,Cash
1112,2026-04-03,Neha,jaipur,Sports,-500,CARD
1113,2026-04-25,Sneha,pune,Home,0,CARD
1114,2026-04-10,Ravi,Jaipur,Sports,abc,UPI
1115,2026-04-09,,jaipur,Fashion,0,Cash
1116,2026-04-06,Rahul,pune,Home,1523,CARD
1117,2026-04-08,Rohit,mumbai,Home,2485,UPI
1118,2026-04-26,,Mumbai,Home,-500,UPI
1119,2026-04-21,Aman,mumbai,Fashion,0,UPI
1120,2026-04-26,Rohit,mumbai,Home,0,UPI
1121,2026-04-23,Simran,mumbai,Sports,-500,CARD
1122,2026-04-20,Rahul,pune,Grocery,3686,Card
1123,2026-04-08,,Jaipur,Grocery,311,UPI
1124,2026-04-17,,,Grocery,abc,Cash
1125,2026-04-21,Vivek,jaipur,Home,abc,Card
1126,2026-04-11,,jaipur,Fashion,-500,Card
1127,2026-04-10,,pune,Sports,abc,UPI
1128,2026-04-11,Rohit,Pune,Electronics,3825,CARD
1129,2026-04-22,Sneha,,Home,4315,UPI
1130,2026-04-20,Vivek,,Electronics,-500,Cash
1131,2026-04-30,Rohit,,Home,0,UPI
1132,2026-04-23,Aman,mumbai,Sports,0,UPI
1133,2026-04-03,Neha,jaipur,Home,abc,UPI
1134,2026-04-30,Rohit,mumbai,Home,abc,CARD
1135,2026-04-15,Sneha,Delhi,Home,0,Cash
1136,2026-04-28,Priya,mumbai,Home,0,Card
1137,2026-04-27,Rahul,mumbai,Grocery,-500,CARD
1138,2026-04-18,Vivek,Pune,Grocery,abc,CARD
1139,2026-04-28,Neha,Mumbai,Sports,-500,CARD
1140,2026-04-02,Karan,,Home,abc,CARD
1141,2026-04-02,Aman,Pune,Electronics,abc,CARD
1142,2026-04-01,Aman,pune,Fashion,abc,UPI
1143,2026-04-11,Ravi,pune,Electronics,-500,Card
1144,2026-04-11,,,Sports,abc,UPI
1145,2026-04-21,,mumbai,Fashion,0,UPI
1146,2026-04-25,,jaipur,Home,3655,Cash
1147,2026-04-02,Karan,Jaipur,Grocery,2553,Card
1148,2026-04-05,Neha,pune,Sports,abc,Cash
1149,2026-04-03,Ravi,pune,Sports,0,Cash
1150,2026-04-08,Vivek,mumbai,Home,0,Card
1151,2026-04-29,Rohit,Delhi,Electronics,abc,CARD
1152,2026-04-21,Simran,mumbai,Home,-500,Card
1153,2026-04-28,Vivek,jaipur,Fashion,abc,CARD
1154,2026-04-19,Rohit,mumbai,Electronics,-500,CARD
1155,2026-04-19,,Jaipur,Sports,2348,CARD
1156,2026-04-20,Karan,Mumbai,Fashion,0,Card
1157,2026-04-29,,Jaipur,Grocery,1220,CARD
1158,2026-04-24,Aman,jaipur,Grocery,-500,Card
1159,2026-04-07,Aman,Pune,Sports,0,Card
1160,2026-04-30,Vivek,mumbai,Grocery,-500,UPI
1161,2026-04-05,Neha,pune,Sports,3936,Card
1162,2026-04-01,Rohit,jaipur,Home,abc,Card
1163,2026-04-27,,Pune,Electronics,abc,Cash
1164,2026-04-20,Sneha,Pune,Sports,3962,Cash
1165,2026-04-30,Rohit,pune,Electronics,abc,Cash
1166,2026-04-10,Vivek,jaipur,Electronics,471,Cash
1167,2026-04-13,Vivek,Pune,Sports,0,CARD
1168,2026-04-29,Simran,jaipur,Home,0,CARD
1169,2026-04-23,Karan,Mumbai,Home,2391,CARD
1170,2026-04-04,,Pune,Sports,-500,Card
1171,2026-04-09,Neha,jaipur,Home,abc,UPI
1172,2026-04-02,Karan,Mumbai,Fashion,1837,Cash
1173,2026-04-19,Neha,Mumbai,Grocery,0,Cash
1174,2026-04-09,Aman,Delhi,Sports,4982,Card
1175,2026-04-22,Rahul,Delhi,Electronics,1529,Card
1176,2026-04-01,Aman,mumbai,Electronics,-500,Cash
1177,2026-04-24,Priya,,Home,3548,Card
1178,2026-04-15,Sneha,Mumbai,Sports,4304,UPI
1179,2026-04-15,,Jaipur,Electronics,-500,CARD
1180,2026-04-22,Priya,,Home,abc,UPI
1181,2026-04-20,Aman,jaipur,Fashion,-500,Card
1182,2026-04-13,Ravi,mumbai,Home,-500,CARD
1183,2026-04-28,,Mumbai,Home,912,CARD
1184,2026-04-11,Vivek,pune,Home,abc,UPI
1185,2026-04-11,,mumbai,Grocery,abc,Cash
1186,2026-04-03,Priya,jaipur,Home,3985,UPI
1187,2026-04-18,Rahul,Pune,Electronics,0,CARD
1188,2026-04-28,Rahul,mumbai,Sports,abc,Card
1189,2026-04-19,Sneha,Mumbai,Fashion,2980,CARD
1190,2026-04-12,Sneha,Pune,Electronics,1937,Card
1191,2026-04-26,Simran,Jaipur,Sports,0,Card
1192,2026-04-09,Rohit,Pune,Grocery,0,UPI
1193,2026-04-19,,pune,Electronics,0,Cash
1194,2026-04-24,Sneha,Mumbai,Home,351,CARD
1195,2026-04-06,Karan,mumbai,Grocery,-500,UPI
1196,2026-04-06,Ravi,Jaipur,Electronics,0,Card
1197,2026-04-16,Ravi,,Home,abc,Card
1198,2026-04-12,Simran,jaipur,Grocery,1865,CARD
1199,2026-04-02,Neha,pune,Sports,-500,UPI
1200,2026-04-10,Neha,Delhi,Grocery,0,Card
1201,2026-04-01,Vivek,pune,Fashion,2787,Cash
1202,2026-04-17,Sneha,Pune,Electronics,0,CARD
1203,2026-04-01,Vivek,jaipur,Grocery,abc,CARD
1204,2026-04-23,,pune,Grocery,abc,UPI
1205,2026-04-11,Aman,,Grocery,3418,UPI
1206,2026-04-08,Simran,pune,Sports,3677,UPI
1207,2026-04-24,Karan,Mumbai,Grocery,-500,Cash
1208,2026-04-17,Sneha,Mumbai,Grocery,725,Card
1209,2026-04-04,Aman,mumbai,Fashion,0,Cash
1210,2026-04-06,,,Home,1352,CARD
1211,2026-04-28,,Pune,Fashion,-500,CARD
1212,2026-04-15,,mumbai,Grocery,abc,UPI
1213,2026-04-10,Vivek,,Electronics,2983,UPI
1214,2026-04-03,,jaipur,Sports,-500,CARD
1215,2026-04-15,Ravi,Mumbai,Grocery,3890,CARD
1216,2026-04-02,Vivek,jaipur,Grocery,0,UPI
1217,2026-04-02,Neha,,Home,0,Cash
1218,2026-04-30,Rohit,pune,Home,-500,Card
1219,2026-04-26,,Pune,Electronics,4997,Card
1220,2026-04-10,Rohit,Delhi,Grocery,abc,UPI
1221,2026-04-30,Karan,mumbai,Home,0,Cash
1222,2026-04-10,Sneha,pune,Grocery,4974,Cash
1223,2026-04-21,,pune,Sports,4412,Card
1224,2026-04-10,Aman,Mumbai,Grocery,-500,CARD
1225,2026-04-05,Aman,jaipur,Grocery,0,UPI
1226,2026-04-22,Karan,Delhi,Sports,4258,CARD
1227,2026-04-06,Ravi,Delhi,Home,0,UPI
1228,2026-04-22,Neha,,Sports,-500,Card
1229,2026-04-18,Neha,mumbai,Home,0,Cash
1230,2026-04-15,Rohit,pune,Sports,abc,CARD
1231,2026-04-26,Ravi,Delhi,Grocery,0,UPI
1232,2026-04-18,Priya,jaipur,Grocery,-500,UPI
1233,2026-04-15,Sneha,Delhi,Home,-500,UPI
1234,2026-04-29,Karan,Jaipur,Home,abc,UPI
1235,2026-04-08,Simran,jaipur,Grocery,-500,Cash
1236,2026-04-30,Priya,Pune,Fashion,-500,Cash
1237,2026-04-30,Vivek,Delhi,Home,-500,CARD
1238,2026-04-01,Rohit,Mumbai,Fashion,143,CARD
1239,2026-04-08,Rohit,jaipur,Electronics,-500,Cash
1240,2026-04-03,Priya,,Sports,abc,UPI
1241,2026-04-23,Aman,mumbai,Home,0,UPI
1242,2026-04-19,Simran,Delhi,Electronics,0,Card
1243,2026-04-13,Vivek,Jaipur,Home,654,Card
1244,2026-04-12,Priya,Pune,Fashion,2177,UPI
1245,2026-04-05,Rahul,Pune,Sports,-500,Card
1246,2026-04-23,Vivek,Delhi,Fashion,abc,UPI
1247,2026-04-10,Neha,Jaipur,Fashion,3849,UPI
1248,2026-04-17,Simran,,Grocery,-500,UPI
1249,2026-04-12,Rahul,Pune,Grocery,-500,UPI
1250,2026-04-29,Simran,,Home,abc,Card
1251,2026-04-23,Vivek,Pune,Sports,abc,Card
1252,2026-04-03,Simran,Delhi,Sports,abc,Card
1253,2026-04-03,Karan,mumbai,Grocery,2731,CARD
1254,2026-04-23,Vivek,Pune,Home,0,UPI
1255,2026-04-09,,Jaipur,Electronics,abc,CARD
1256,2026-04-01,Aman,,Electronics,0,Cash
1257,2026-04-25,,Pune,Grocery,0,CARD
1258,2026-04-20,Aman,,Grocery,4746,Card
1259,2026-04-19,Aman,Pune,Home,3736,Card
1260,2026-04-04,Rahul,Delhi,Home,0,CARD
1261,2026-04-09,Rohit,,Fashion,4701,Card
1262,2026-04-04,Aman,jaipur,Home,0,Cash
1263,2026-04-26,,Pune,Grocery,3746,UPI
1264,2026-04-29,Rohit,Delhi,Fashion,-500,Card
1265,2026-04-04,Neha,Delhi,Fashion,0,CARD
1266,2026-04-18,Ravi,Pune,Home,-500,Cash
1267,2026-04-10,Simran,,Sports,806,CARD
1268,2026-04-05,Karan,jaipur,Home,3454,CARD
1269,2026-04-05,Sneha,Delhi,Fashion,-500,CARD
1270,2026-04-27,Priya,Delhi,Grocery,4219,Cash
1271,2026-04-30,Neha,Pune,Sports,-500,Card
1272,2026-04-07,,mumbai,Fashion,-500,Card
1273,2026-04-17,,Delhi,Sports,4470,Cash
1274,2026-04-27,Ravi,Jaipur,Electronics,-500,UPI
1275,2026-04-21,Neha,pune,Sports,-500,UPI
1276,2026-04-21,Rohit,,Fashion,-500,CARD
1277,2026-04-03,Rahul,Delhi,Home,abc,CARD
1278,2026-04-07,Karan,Delhi,Grocery,abc,Card
1279,2026-04-05,Karan,jaipur,Grocery,abc,Cash
1280,2026-04-09,Vivek,Mumbai,Fashion,3921,UPI
1281,2026-04-13,Ravi,pune,Fashion,-500,Cash
1282,2026-04-07,Aman,,Sports,-500,CARD
1283,2026-04-16,Rahul,jaipur,Home,-500,CARD
1284,2026-04-19,Karan,Jaipur,Electronics,0,Card
1285,2026-04-10,Sneha,Jaipur,Electronics,abc,CARD
1286,2026-04-24,Karan,pune,Grocery,-500,UPI
1287,2026-04-19,Sneha,Mumbai,Grocery,3381,Card
1288,2026-04-17,Vivek,mumbai,Sports,abc,UPI
1289,2026-04-13,Karan,Pune,Sports,1154,Card
1290,2026-04-20,Sneha,pune,Sports,0,UPI
1291,2026-04-05,Karan,,Sports,471,CARD
1292,2026-04-11,Ravi,Pune,Fashion,0,CARD
1293,2026-04-17,Sneha,,Sports,-500,Card
1294,2026-04-12,Karan,jaipur,Home,3990,Card
1295,2026-04-09,,Mumbai,Electronics,abc,CARD
1296,2026-04-05,,Mumbai,Electronics,abc,UPI
1297,2026-04-15,Karan,pune,Fashion,1662,CARD
1298,2026-04-17,Ravi,,Electronics,abc,Cash
1299,2026-04-18,Karan,,Sports,0,CARD
1300,2026-04-15,Sneha,Pune,Sports,0,Card
1301,2026-04-07,Neha,mumbai,Sports,abc,Card
1302,2026-04-25,Rohit,Mumbai,Home,-500,Card
1303,2026-04-18,Rohit,mumbai,Electronics,-500,CARD
1304,2026-04-25,Aman,mumbai,Electronics,-500,Card
1305,2026-04-30,Vivek,mumbai,Home,-500,Cash
1306,2026-04-30,Sneha,mumbai,Fashion,-500,UPI
1307,2026-04-08,Rahul,Mumbai,Fashion,0,UPI
1308,2026-04-11,Vivek,jaipur,Fashion,abc,UPI
1309,2026-04-14,,,Home,0,Cash
1310,2026-04-10,,Jaipur,Electronics,-500,Cash
1311,2026-04-30,Aman,pune,Fashion,4483,UPI
1312,2026-04-06,Rohit,Jaipur,Electronics,abc,Card
1313,2026-04-30,Karan,mumbai,Home,4752,CARD
1314,2026-04-09,Neha,jaipur,Grocery,abc,Cash
1315,2026-04-23,Aman,Jaipur,Grocery,-500,Card
1316,2026-04-06,Ravi,pune,Home,0,Card
1317,2026-04-22,Priya,Delhi,Fashion,abc,CARD
1318,2026-04-01,Rohit,pune,Fashion,0,CARD
1319,2026-04-10,Ravi,Jaipur,Grocery,-500,Card
1320,2026-04-22,Priya,,Grocery,2035,Cash
1321,2026-04-23,Priya,mumbai,Grocery,-500,Cash
1322,2026-04-16,Aman,,Sports,0,Card
1323,2026-04-25,Sneha,Mumbai,Fashion,abc,UPI
1324,2026-04-17,Karan,jaipur,Sports,abc,UPI
1325,2026-04-19,Sneha,Delhi,Fashion,0,Card
1326,2026-04-04,,Mumbai,Sports,abc,CARD
1327,2026-04-26,Rahul,,Fashion,abc,CARD
1328,2026-04-18,Vivek,mumbai,Electronics,3842,CARD
1329,2026-04-24,Neha,jaipur,Electronics,2184,CARD
1330,2026-04-18,Rahul,jaipur,Home,2922,UPI
1331,2026-04-06,Aman,pune,Grocery,abc,CARD
1332,2026-04-13,Priya,Delhi,Grocery,abc,UPI
1333,2026-04-17,Aman,Mumbai,Electronics,abc,UPI
1334,2026-04-22,Sneha,pune,Sports,abc,CARD
1335,2026-04-15,Karan,Delhi,Grocery,0,Cash
1336,2026-04-26,,pune,Sports,1024,UPI
1337,2026-04-03,Priya,Jaipur,Home,0,UPI
1338,2026-04-13,Vivek,Mumbai,Sports,2104,Cash
1339,2026-04-17,Rohit,Mumbai,Sports,0,Card
1340,2026-04-08,Rohit,Delhi,Sports,-500,Cash
1341,2026-04-09,Rahul,Delhi,Home,-500,CARD
1342,2026-04-21,,pune,Sports,-500,Card
1343,2026-04-05,Rohit,pune,Fashion,abc,CARD
1344,2026-04-10,Aman,,Electronics,0,CARD
1345,2026-04-13,Neha,mumbai,Fashion,0,Card
1346,2026-04-28,Karan,jaipur,Sports,abc,Cash
1347,2026-04-13,,Jaipur,Electronics,-500,Cash
1348,2026-04-16,Neha,Pune,Grocery,0,UPI
1349,2026-04-24,Priya,,Fashion,0,Cash
1350,2026-04-18,Karan,mumbai,Home,0,CARD
1351,2026-04-10,Rohit,Pune,Sports,-500,CARD
1352,2026-04-26,Vivek,Pune,Fashion,3917,Card
1353,2026-04-02,Ravi,Mumbai,Fashion,abc,UPI
1354,2026-04-10,Aman,Mumbai,Grocery,abc,Cash
1355,2026-04-16,Sneha,Pune,Grocery,0,CARD
1356,2026-04-06,Karan,Delhi,Fashion,abc,CARD
1357,2026-04-17,Rahul,jaipur,Electronics,1607,UPI
1358,2026-04-27,,Mumbai,Electronics,0,Cash
1359,2026-04-17,Vivek,Pune,Electronics,0,CARD
1360,2026-04-01,Sneha,pune,Electronics,4096,UPI
1361,2026-04-18,Rohit,Jaipur,Sports,-500,CARD
1362,2026-04-30,Priya,Delhi,Fashion,1568,Cash
1363,2026-04-27,Karan,mumbai,Home,-500,UPI
1364,2026-04-15,Ravi,Mumbai,Fashion,abc,Card
1365,2026-04-03,Simran,pune,Home,760,CARD
1366,2026-04-23,Aman,jaipur,Home,559,CARD
1367,2026-04-29,Sneha,Jaipur,Fashion,2813,Cash
1368,2026-04-09,Rahul,jaipur,Grocery,abc,UPI
1369,2026-04-01,Neha,Delhi,Home,-500,UPI
1370,2026-04-19,Neha,pune,Sports,0,Card
1371,2026-04-26,Priya,Pune,Electronics,0,UPI
1372,2026-04-27,Priya,Pune,Sports,0,CARD
1373,2026-04-21,Rohit,,Home,2773,Cash
1374,2026-04-14,Aman,pune,Electronics,abc,Card
1375,2026-04-03,Rohit,Delhi,Home,2118,Cash
1376,2026-04-12,Priya,jaipur,Electronics,-500,Card
1377,2026-04-25,Rohit,jaipur,Fashion,-500,UPI
1378,2026-04-15,Sneha,pune,Electronics,abc,UPI
1379,2026-04-18,Priya,Pune,Home,-500,UPI
1380,2026-04-13,Priya,Mumbai,Sports,abc,Cash
1381,2026-04-05,Rohit,mumbai,Grocery,0,CARD
1382,2026-04-06,Simran,mumbai,Home,1295,Card
1383,2026-04-12,Rohit,Mumbai,Home,4066,Cash
1384,2026-04-05,Rohit,Jaipur,Home,3850,Card
1385,2026-04-15,Karan,pune,Sports,-500,Cash
1386,2026-04-20,Neha,,Grocery,-500,Cash
1387,2026-04-10,,,Sports,-500,Cash
1388,2026-04-09,Simran,Pune,Electronics,abc,Cash
1389,2026-04-22,Sneha,Jaipur,Home,0,Cash
1390,2026-04-27,Priya,pune,Home,-500,Cash
1391,2026-04-09,,Delhi,Home,0,CARD
1392,2026-04-20,Vivek,pune,Sports,abc,CARD
1393,2026-04-26,Karan,jaipur,Electronics,4553,Cash
1394,2026-04-21,Ravi,Jaipur,Sports,0,CARD
1395,2026-04-04,Rahul,jaipur,Grocery,abc,Cash
1396,2026-04-15,Karan,pune,Home,0,Cash
1397,2026-04-16,Priya,mumbai,Home,2925,UPI
1398,2026-04-12,Rohit,Pune,Home,0,Cash
1399,2026-04-12,Vivek,jaipur,Home,abc,CARD
1400,2026-04-10,Rahul,jaipur,Electronics,2712,Card
1401,2026-04-30,Neha,Delhi,Sports,0,Cash
1402,2026-04-15,Neha,pune,Fashion,abc,Cash
1403,2026-04-01,Ravi,Mumbai,Home,abc,CARD
1404,2026-04-23,Neha,Mumbai,Grocery,3285,UPI
1405,2026-04-26,Sneha,Delhi,Grocery,4829,Card
1406,2026-04-04,Rohit,,Sports,abc,Card
1407,2026-04-20,Simran,jaipur,Grocery,abc,Card
1408,2026-04-27,,mumbai,Sports,0,UPI
1409,2026-04-04,Neha,mumbai,Electronics,-500,Cash
1410,2026-04-17,Simran,pune,Sports,0,Cash
1411,2026-04-14,Aman,,Sports,abc,Cash
1412,2026-04-16,Rohit,Delhi,Fashion,0,Card
1413,2026-04-28,Karan,Jaipur,Home,3794,Cash
1414,2026-04-18,Sneha,,Home,abc,CARD
1415,2026-04-16,Aman,jaipur,Sports,abc,UPI
1416,2026-04-02,Rohit,Mumbai,Sports,-500,Card
1417,2026-04-19,Vivek,jaipur,Sports,abc,UPI
1418,2026-04-18,Rahul,,Sports,-500,Cash
1419,2026-04-24,,Mumbai,Grocery,3582,UPI
1420,2026-04-12,Priya,,Electronics,-500,Cash
1421,2026-04-28,Ravi,pune,Fashion,-500,Cash
1422,2026-04-26,Rahul,Pune,Sports,0,Card
1423,2026-04-11,Rohit,mumbai,Sports,0,Card
1424,2026-04-05,Simran,Jaipur,Grocery,4314,Cash
1425,2026-04-05,Karan,Mumbai,Home,0,CARD
1426,2026-04-21,Simran,pune,Home,-500,UPI
1427,2026-04-17,Rohit,Pune,Home,abc,CARD
1428,2026-04-28,Priya,,Grocery,2781,UPI
1429,2026-04-07,Simran,Mumbai,Home,abc,Card
1430,2026-04-11,Sneha,Delhi,Sports,-500,CARD
1431,2026-04-02,Priya,,Electronics,2915,UPI
1432,2026-04-15,Rahul,pune,Fashion,abc,Cash
1433,2026-04-28,Rohit,jaipur,Grocery,0,Card
1434,2026-04-22,,Delhi,Electronics,-500,CARD
1435,2026-04-14,,jaipur,Electronics,0,UPI
1436,2026-04-03,Aman,Mumbai,Sports,abc,CARD
1437,2026-04-23,Karan,jaipur,Home,176,Cash
1438,2026-04-08,Simran,jaipur,Electronics,4013,UPI
1439,2026-04-29,Rohit,Delhi,Home,-500,Cash
1440,2026-04-17,Ravi,Jaipur,Sports,1270,Cash
1441,2026-04-24,Neha,Delhi,Home,-500,CARD
1442,2026-04-29,Priya,Delhi,Electronics,1879,CARD
1443,2026-04-11,Aman,Mumbai,Grocery,abc,UPI
1444,2026-04-25,Rahul,mumbai,Fashion,-500,Cash
1445,2026-04-21,Rahul,Mumbai,Home,-500,CARD
1446,2026-04-16,,jaipur,Sports,0,UPI
1447,2026-04-05,Simran,pune,Grocery,-500,Cash
1448,2026-04-01,Ravi,jaipur,Electronics,3958,Card
1449,2026-04-30,Rahul,pune,Sports,1867,Card
1450,2026-04-14,Simran,jaipur,Sports,abc,Cash
1451,2026-04-10,Priya,Mumbai,Fashion,2373,Card
1452,2026-04-10,Simran,Mumbai,Electronics,3300,Cash
1453,2026-04-04,Vivek,Jaipur,Grocery,abc,Cash
1454,2026-04-23,Aman,Jaipur,Fashion,1078,CARD
1455,2026-04-06,Karan,Delhi,Grocery,-500,UPI
1456,2026-04-26,Simran,mumbai,Sports,-500,UPI
1457,2026-04-16,Vivek,Pune,Electronics,2254,CARD
1458,2026-04-12,Aman,mumbai,Electronics,0,UPI
1459,2026-04-02,Rahul,Mumbai,Electronics,1971,CARD
1460,2026-04-30,Aman,Delhi,Electronics,abc,CARD
1461,2026-04-08,Simran,Pune,Grocery,-500,UPI
1462,2026-04-04,Sneha,Jaipur,Fashion,-500,Cash
1463,2026-04-13,Priya,,Grocery,4325,Card
1464,2026-04-18,Vivek,Jaipur,Grocery,2781,Cash
1465,2026-04-24,Ravi,Mumbai,Home,-500,Card
1466,2026-04-25,Neha,Mumbai,Fashion,abc,UPI
1467,2026-04-08,Sneha,Pune,Electronics,3459,Card
1468,2026-04-28,Rohit,jaipur,Fashion,abc,Cash
1469,2026-04-02,Aman,mumbai,Electronics,abc,UPI
1470,2026-04-23,Karan,,Electronics,abc,UPI
1471,2026-04-21,Simran,jaipur,Sports,0,UPI
1472,2026-04-08,Rohit,mumbai,Grocery,0,CARD
1473,2026-04-15,Rohit,Mumbai,Electronics,-500,Cash
1474,2026-04-05,Priya,Delhi,Home,1215,CARD
1475,2026-04-04,Sneha,Pune,Fashion,abc,CARD
1476,2026-04-09,Priya,jaipur,Fashion,abc,Card
1477,2026-04-27,Karan,Delhi,Electronics,0,Cash
1478,2026-04-17,Rahul,mumbai,Grocery,abc,Cash
1479,2026-04-28,Vivek,Mumbai,Electronics,abc,CARD
1480,2026-04-04,Rahul,Jaipur,Fashion,0,Cash
1481,2026-04-12,,jaipur,Sports,abc,Card
1482,2026-04-03,Neha,,Fashion,714,UPI
1483,2026-04-02,Vivek,Jaipur,Fashion,2816,CARD
1484,2026-04-01,Simran,pune,Fashion,abc,Card
1485,2026-04-09,Rohit,,Fashion,0,UPI
1486,2026-04-16,Simran,,Electronics,-500,UPI
1487,2026-04-05,Simran,Mumbai,Sports,abc,Cash
1488,2026-04-13,Karan,,Sports,4553,CARD
1489,2026-04-13,Rohit,Delhi,Electronics,-500,Card
1490,2026-04-01,Rohit,Jaipur,Home,0,Card
1491,2026-04-06,Priya,Mumbai,Fashion,0,Card
1492,2026-04-25,Neha,pune,Grocery,4471,Cash
1493,2026-04-19,Karan,Pune,Sports,0,UPI
1494,2026-04-19,Neha,,Sports,0,Card
1495,2026-04-02,Priya,Jaipur,Fashion,abc,Cash
1496,2026-04-01,Karan,Mumbai,Fashion,abc,Card
1497,2026-04-02,Rahul,Delhi,Sports,-500,Cash
1498,2026-04-03,Karan,pune,Sports,-500,UPI
1499,2026-04-11,Aman,Delhi,Home,-500,CARD
1500,2026-04-23,Sneha,Pune,Fashion,0,Cash
1501,2026-04-24,Rohit,Delhi,Fashion,-500,UPI
1502,2026-04-28,Ravi,Jaipur,Fashion,abc,Card
1503,2026-04-30,Vivek,Delhi,Grocery,1909,UPI
1504,2026-04-11,Aman,jaipur,Grocery,-500,CARD
1505,2026-04-07,Neha,jaipur,Grocery,-500,Card
1506,2026-04-02,Simran,,Home,985,Cash
1507,2026-04-29,Simran,Pune,Sports,abc,CARD
1508,2026-04-26,Ravi,Mumbai,Fashion,abc,CARD
1509,2026-04-10,Rahul,Pune,Grocery,703,UPI
1510,2026-04-06,Simran,Delhi,Electronics,-500,UPI
1511,2026-04-23,Rahul,pune,Fashion,abc,CARD
1512,2026-04-04,Karan,Mumbai,Fashion,1386,CARD
1513,2026-04-22,Rohit,mumbai,Fashion,-500,UPI
1514,2026-04-19,Sneha,,Fashion,abc,UPI
1515,2026-04-14,Priya,mumbai,Sports,3055,CARD
1516,2026-04-01,Neha,Delhi,Grocery,1735,UPI
1517,2026-04-10,Simran,,Home,3979,Card
1518,2026-04-06,Karan,pune,Grocery,abc,Cash
1519,2026-04-09,Vivek,,Grocery,3751,Cash
1520,2026-04-05,,jaipur,Electronics,2300,Card
1521,2026-04-25,Ravi,Mumbai,Sports,abc,UPI
1522,2026-04-18,,,Sports,abc,Cash
1523,2026-04-03,Simran,Jaipur,Sports,-500,Cash
1524,2026-04-06,Aman,Mumbai,Fashion,abc,Cash
1525,2026-04-03,,pune,Fashion,abc,Cash
1526,2026-04-11,Priya,jaipur,Home,-500,CARD
1527,2026-04-28,Rohit,,Electronics,-500,CARD
1528,2026-04-05,Aman,jaipur,Electronics,abc,UPI
1529,2026-04-29,Simran,mumbai,Home,-500,CARD
1530,2026-04-02,Aman,mumbai,Home,abc,Cash
1531,2026-04-13,Karan,Mumbai,Electronics,3390,CARD
1532,2026-04-01,Karan,mumbai,Grocery,-500,Card
1533,2026-04-28,Neha,Delhi,Grocery,4127,CARD
1534,2026-04-24,Simran,jaipur,Fashion,-500,CARD
1535,2026-04-24,Vivek,Pune,Electronics,abc,Cash
1536,2026-04-23,Sneha,pune,Fashion,-500,UPI
1537,2026-04-29,Neha,Jaipur,Fashion,0,UPI
1538,2026-04-30,Karan,Mumbai,Grocery,3839,Card
1539,2026-04-21,Priya,Jaipur,Fashion,abc,Card
1540,2026-04-06,Vivek,Pune,Grocery,abc,Cash
1541,2026-04-10,Rahul,pune,Electronics,2218,Cash
1542,2026-04-28,Neha,Mumbai,Fashion,0,Card
1543,2026-04-28,,Jaipur,Home,3454,Cash
1544,2026-04-08,Rohit,mumbai,Grocery,1518,CARD
1545,2026-04-15,Rohit,Mumbai,Home,-500,Card
1546,2026-04-19,Priya,Jaipur,Sports,abc,Card
1547,2026-04-10,,jaipur,Home,-500,UPI
1548,2026-04-21,Karan,mumbai,Grocery,-500,Card
1549,2026-04-17,Neha,Jaipur,Sports,0,CARD
1550,2026-04-24,Rahul,,Grocery,0,Card
1551,2026-04-13,Rahul,Mumbai,Grocery,abc,Cash
1552,2026-04-30,,Pune,Sports,abc,Card
1553,2026-04-10,Priya,,Fashion,0,Card
1554,2026-04-22,Karan,jaipur,Fashion,0,Card
1555,2026-04-14,Karan,Pune,Grocery,-500,Card
1556,2026-04-16,Rahul,jaipur,Home,3899,Cash
1557,2026-04-28,,pune,Sports,4199,Card
1558,2026-04-28,Aman,Delhi,Fashion,3484,Card
1559,2026-04-05,Karan,Delhi,Electronics,abc,CARD
1560,2026-04-11,,Jaipur,Electronics,0,CARD
1561,2026-04-25,Aman,Delhi,Home,0,UPI
1562,2026-04-21,Simran,pune,Home,abc,CARD
1563,2026-04-02,Sneha,Mumbai,Grocery,3240,UPI
1564,2026-04-01,,Jaipur,Fashion,0,Cash
1565,2026-04-05,Priya,pune,Sports,-500,Card
1566,2026-04-27,Rahul,mumbai,Grocery,1468,CARD
1567,2026-04-14,,Delhi,Grocery,-500,CARD
1568,2026-04-06,Simran,Jaipur,Fashion,0,Cash
1569,2026-04-24,Rahul,Delhi,Electronics,0,Card
1570,2026-04-29,,mumbai,Sports,abc,UPI
1571,2026-04-22,Priya,Jaipur,Electronics,4965,UPI
1572,2026-04-13,Priya,mumbai,Home,abc,Cash
1573,2026-04-10,Simran,jaipur,Sports,1783,Card
1574,2026-04-27,Priya,jaipur,Grocery,abc,UPI
1575,2026-04-07,Ravi,Mumbai,Grocery,abc,Cash
1576,2026-04-10,Aman,Jaipur,Sports,abc,CARD
1577,2026-04-11,Neha,Jaipur,Electronics,abc,UPI
1578,2026-04-05,Priya,jaipur,Electronics,abc,Card
1579,2026-04-10,Rohit,,Electronics,abc,UPI
1580,2026-04-28,Rohit,Pune,Grocery,1531,CARD
1581,2026-04-28,Rahul,Jaipur,Fashion,1049,Cash
1582,2026-04-29,Vivek,mumbai,Electronics,-500,Card
1583,2026-04-04,Simran,pune,Home,0,Card
1584,2026-04-26,Simran,Delhi,Electronics,abc,Cash
1585,2026-04-04,Simran,,Sports,0,CARD
1586,2026-04-25,Karan,Jaipur,Fashion,abc,CARD
1587,2026-04-29,Simran,,Electronics,4098,UPI
1588,2026-04-01,,Mumbai,Grocery,-500,UPI
1589,2026-04-16,Karan,pune,Fashion,0,UPI
1590,2026-04-17,Vivek,,Fashion,0,UPI
1591,2026-04-08,Karan,mumbai,Electronics,-500,Cash
1592,2026-04-13,Neha,jaipur,Home,abc,CARD
1593,2026-04-03,Vivek,,Grocery,abc,UPI
1594,2026-04-04,Simran,pune,Electronics,4174,UPI
1595,2026-04-29,Sneha,Mumbai,Home,-500,Card
1596,2026-04-27,Neha,,Grocery,3076,CARD
1597,2026-04-04,Priya,Mumbai,Electronics,abc,Card
1598,2026-04-18,Sneha,Pune,Electronics,-500,UPI
1599,2026-04-05,Simran,jaipur,Grocery,abc,Cash
1600,2026-04-30,Simran,Mumbai,Home,1636,Cash
1601,2026-04-25,Simran,Jaipur,Sports,2868,UPI
1602,2026-04-22,Ravi,Delhi,Home,abc,UPI
1603,2026-04-18,Simran,,Sports,4444,Cash
1604,2026-04-24,Aman,jaipur,Home,0,Card
1605,2026-04-14,Ravi,Mumbai,Grocery,abc,CARD
1606,2026-04-15,Aman,Delhi,Home,-500,Card
1607,2026-04-23,Sneha,Mumbai,Fashion,-500,Cash
1608,2026-04-30,,Delhi,Fashion,-500,Card
1609,2026-04-18,Vivek,pune,Sports,-500,Card
1610,2026-04-17,Priya,Jaipur,Home,3560,Cash
1611,2026-04-07,Rohit,Delhi,Grocery,534,Card
1612,2026-04-23,Rohit,Mumbai,Sports,1299,UPI
1613,2026-04-04,Ravi,Mumbai,Sports,abc,CARD
1614,2026-04-23,,Jaipur,Home,-500,CARD
1615,2026-04-18,Rahul,Jaipur,Grocery,-500,Cash
1616,2026-04-30,,Pune,Sports,0,Cash
1617,2026-04-15,Aman,jaipur,Fashion,-500,Cash
1618,2026-04-13,Rahul,pune,Grocery,4309,Card
1619,2026-04-19,Rohit,Jaipur,Grocery,0,CARD
1620,2026-04-05,Karan,Jaipur,Sports,1368,Card
1621,2026-04-03,Karan,Mumbai,Fashion,-500,UPI
1622,2026-04-14,Sneha,pune,Electronics,0,Card
1623,2026-04-22,Karan,Pune,Grocery,0,Card
1624,2026-04-18,,Jaipur,Electronics,abc,Card
1625,2026-04-29,,Mumbai,Electronics,0,Card
1626,2026-04-13,Rohit,mumbai,Electronics,3224,Card
1627,2026-04-16,Rahul,mumbai,Fashion,abc,Card
1628,2026-04-04,Aman,Jaipur,Electronics,4309,Cash
1629,2026-04-27,Priya,Mumbai,Sports,abc,CARD
1630,2026-04-01,Vivek,Pune,Electronics,0,UPI
1631,2026-04-06,Rohit,jaipur,Sports,700,Cash
1632,2026-04-13,Vivek,pune,Home,abc,Card
1633,2026-04-22,Priya,Jaipur,Sports,abc,UPI
1634,2026-04-23,Priya,Pune,Sports,4897,UPI
1635,2026-04-20,Priya,mumbai,Home,-500,CARD
1636,2026-04-16,Aman,Mumbai,Fashion,3336,CARD
1637,2026-04-21,Aman,mumbai,Grocery,-500,UPI
1638,2026-04-04,Rahul,Jaipur,Sports,0,CARD
1639,2026-04-10,Neha,Pune,Fashion,4500,CARD
1640,2026-04-06,Aman,Mumbai,Sports,0,Card
1641,2026-04-06,,Jaipur,Sports,1691,CARD
1642,2026-04-10,,jaipur,Grocery,4602,UPI
1643,2026-04-11,Karan,Delhi,Fashion,abc,UPI
1644,2026-04-29,Neha,Pune,Home,2435,CARD
1645,2026-04-23,Ravi,Delhi,Sports,-500,Card
1646,2026-04-06,Rahul,Pune,Fashion,abc,Cash
1647,2026-04-27,Karan,Delhi,Grocery,-500,CARD
1648,2026-04-12,Rohit,,Sports,abc,UPI
1649,2026-04-27,Rohit,Delhi,Sports,1539,Cash
1650,2026-04-24,Priya,Jaipur,Sports,2256,UPI
1651,2026-04-25,Ravi,Mumbai,Electronics,abc,Card
1652,2026-04-21,Aman,Pune,Home,abc,Cash
1653,2026-04-05,Vivek,jaipur,Home,-500,Card
1654,2026-04-22,Neha,Delhi,Sports,4213,Cash
1655,2026-04-06,Ravi,Delhi,Home,0,Card
1656,2026-04-25,Vivek,Mumbai,Electronics,0,Card
1657,2026-04-02,,Mumbai,Sports,0,Card
1658,2026-04-30,Vivek,Jaipur,Electronics,abc,Card
1659,2026-04-27,Rohit,Delhi,Home,-500,CARD
1660,2026-04-17,Rohit,pune,Fashion,3092,CARD
1661,2026-04-16,Vivek,Jaipur,Sports,-500,Cash
1662,2026-04-08,Priya,mumbai,Fashion,0,Cash
1663,2026-04-12,Ravi,jaipur,Fashion,0,CARD
1664,2026-04-16,,,Home,2805,Cash
1665,2026-04-21,Simran,Jaipur,Fashion,0,UPI
1666,2026-04-05,,Jaipur,Sports,0,Cash
1667,2026-04-09,Aman,pune,Sports,0,UPI
1668,2026-04-07,Vivek,,Home,2422,Cash
1669,2026-04-20,Aman,Delhi,Sports,abc,Card
1670,2026-04-30,Vivek,jaipur,Fashion,-500,CARD
1671,2026-04-04,Rahul,Mumbai,Sports,0,CARD
1672,2026-04-06,Vivek,Jaipur,Sports,1325,UPI
1673,2026-04-22,Aman,Jaipur,Home,abc,CARD
1674,2026-04-23,Sneha,pune,Fashion,3134,CARD
1675,2026-04-19,Ravi,jaipur,Home,-500,Cash
1676,2026-04-25,Neha,jaipur,Grocery,abc,CARD
1677,2026-04-01,Rahul,jaipur,Sports,0,UPI
1678,2026-04-23,Karan,pune,Grocery,0,UPI
1679,2026-04-21,Ravi,mumbai,Grocery,abc,CARD
1680,2026-04-20,Rohit,pune,Fashion,-500,CARD
1681,2026-04-06,Karan,,Grocery,abc,Card
1682,2026-04-25,Simran,Delhi,Electronics,-500,Cash
1683,2026-04-04,Neha,pune,Grocery,0,UPI
1684,2026-04-21,Rahul,jaipur,Fashion,abc,CARD
1685,2026-04-03,Rohit,Mumbai,Grocery,3666,UPI
1686,2026-04-30,Simran,mumbai,Sports,abc,UPI
1687,2026-04-15,Rahul,Mumbai,Sports,abc,Card
1688,2026-04-26,Ravi,Mumbai,Sports,1695,Cash
1689,2026-04-08,,Jaipur,Fashion,-500,UPI
1690,2026-04-12,,pune,Home,abc,Cash
1691,2026-04-24,Priya,jaipur,Sports,4341,Card
1692,2026-04-12,Rohit,Mumbai,Sports,-500,Cash
1693,2026-04-19,Rahul,mumbai,Fashion,abc,CARD
1694,2026-04-18,Priya,mumbai,Grocery,4247,UPI
1695,2026-04-29,Sneha,mumbai,Home,-500,CARD
1696,2026-04-25,Neha,Pune,Home,abc,CARD
1697,2026-04-16,Priya,mumbai,Electronics,4907,CARD
1698,2026-04-26,Karan,pune,Grocery,0,UPI
1699,2026-04-10,Priya,pune,Grocery,0,UPI
1700,2026-04-16,Karan,Pune,Fashion,0,Card
1701,2026-04-16,Neha,Mumbai,Fashion,0,Card
1702,2026-04-07,Neha,Pune,Fashion,0,UPI
1703,2026-04-22,,,Sports,1082,UPI
1704,2026-04-28,Vivek,Pune,Sports,4535,Card
1705,2026-04-16,Aman,mumbai,Home,-500,Cash
1706,2026-04-02,Sneha,pune,Home,0,UPI
1707,2026-04-13,,Delhi,Home,-500,UPI
1708,2026-04-11,Rahul,Jaipur,Fashion,abc,CARD
1709,2026-04-11,Karan,mumbai,Fashion,4859,Card
1710,2026-04-16,Ravi,Pune,Grocery,-500,Cash
1711,2026-04-07,Simran,Pune,Grocery,abc,CARD
1712,2026-04-06,Ravi,Delhi,Sports,abc,Cash
1713,2026-04-26,Neha,pune,Home,-500,Cash
1714,2026-04-16,Rahul,Delhi,Home,0,CARD
1715,2026-04-26,Vivek,mumbai,Grocery,-500,UPI
1716,2026-04-23,Aman,Jaipur,Fashion,3363,Card
1717,2026-04-15,Karan,mumbai,Grocery,4003,Card
1718,2026-04-12,Rahul,pune,Electronics,-500,Card
1719,2026-04-25,Rohit,Pune,Grocery,0,CARD
1720,2026-04-13,Ravi,mumbai,Home,3761,Cash
1721,2026-04-14,,pune,Electronics,-500,UPI
1722,2026-04-08,Karan,Pune,Grocery,-500,Card
1723,2026-04-29,Vivek,Pune,Sports,-500,CARD
1724,2026-04-06,Rahul,Delhi,Fashion,0,Card
1725,2026-04-06,Simran,jaipur,Electronics,0,UPI
1726,2026-04-01,Simran,jaipur,Electronics,3976,Card
1727,2026-04-21,Simran,mumbai,Fashion,1372,Cash
1728,2026-04-21,Aman,Delhi,Sports,abc,Cash
1729,2026-04-22,Karan,Pune,Home,334,CARD
1730,2026-04-18,Vivek,Delhi,Sports,-500,Cash
1731,2026-04-21,,pune,Sports,abc,Card
1732,2026-04-18,Neha,jaipur,Home,abc,Card
1733,2026-04-09,Aman,mumbai,Electronics,abc,UPI
1734,2026-04-12,Rohit,,Sports,0,UPI
1735,2026-04-10,Rahul,pune,Grocery,abc,Cash
1736,2026-04-07,Simran,pune,Home,-500,Cash
1737,2026-04-27,Simran,Mumbai,Grocery,abc,UPI
1738,2026-04-17,Ravi,mumbai,Grocery,0,Card
1739,2026-04-28,Priya,Delhi,Fashion,0,Card
1740,2026-04-20,Vivek,mumbai,Sports,abc,CARD
1741,2026-04-01,Aman,Jaipur,Sports,-500,UPI
1742,2026-04-10,Rohit,Delhi,Home,1623,UPI
1743,2026-04-05,Rahul,,Fashion,2007,Card
1744,2026-04-26,Vivek,Pune,Home,-500,UPI
1745,2026-04-27,Aman,Jaipur,Grocery,2805,CARD
1746,2026-04-06,Neha,mumbai,Home,abc,UPI
1747,2026-04-13,Vivek,Mumbai,Electronics,0,Cash
1748,2026-04-17,,Mumbai,Home,3875,CARD
1749,2026-04-06,,Jaipur,Sports,-500,UPI
1750,2026-04-21,Rohit,Mumbai,Grocery,abc,UPI
1751,2026-04-08,,pune,Grocery,1884,UPI
1752,2026-04-19,Priya,pune,Fashion,-500,UPI
1753,2026-04-23,Ravi,Delhi,Grocery,abc,UPI
1754,2026-04-16,Priya,Pune,Electronics,0,UPI
1755,2026-04-23,Sneha,jaipur,Fashion,0,CARD
1756,2026-04-18,,Pune,Home,-500,Cash
1757,2026-04-12,Aman,mumbai,Electronics,abc,CARD
1758,2026-04-18,Vivek,Mumbai,Sports,-500,Cash
1759,2026-04-11,Vivek,mumbai,Sports,-500,Cash
1760,2026-04-15,Rohit,mumbai,Sports,0,Card
1761,2026-04-25,,pune,Fashion,3819,UPI
1762,2026-04-11,Priya,pune,Fashion,0,CARD
1763,2026-04-20,Rohit,Pune,Home,0,Card
1764,2026-04-17,,jaipur,Electronics,1004,Cash
1765,2026-04-07,Priya,,Fashion,1563,UPI
1766,2026-04-22,Vivek,mumbai,Electronics,abc,Card
1767,2026-04-01,Neha,,Electronics,1908,CARD
1768,2026-04-18,Simran,Pune,Electronics,-500,Card
1769,2026-04-24,Priya,mumbai,Electronics,4433,Cash
1770,2026-04-04,Neha,pune,Fashion,4355,Cash
1771,2026-04-19,,Delhi,Sports,0,CARD
1772,2026-04-22,Vivek,pune,Electronics,-500,Cash
1773,2026-04-17,Karan,Delhi,Sports,abc,CARD
1774,2026-04-18,Karan,Pune,Home,-500,CARD
1775,2026-04-19,Sneha,Mumbai,Home,0,Card
1776,2026-04-15,Simran,Jaipur,Electronics,abc,Card
1777,2026-04-17,Aman,mumbai,Electronics,4980,Card
1778,2026-04-28,Karan,Jaipur,Grocery,0,Cash
1779,2026-04-15,Karan,Delhi,Fashion,872,Card
1780,2026-04-08,Rohit,mumbai,Electronics,0,CARD
1781,2026-04-24,Priya,Pune,Home,0,Cash
1782,2026-04-20,,mumbai,Electronics,4099,CARD
1783,2026-04-30,Karan,Pune,Home,742,CARD
1784,2026-04-24,,Jaipur,Home,0,UPI
1785,2026-04-11,Sneha,Delhi,Grocery,2596,Cash
1786,2026-04-22,Simran,,Sports,1354,UPI
1787,2026-04-10,Simran,Delhi,Fashion,abc,Card
1788,2026-04-19,Rahul,pune,Grocery,abc,UPI
1789,2026-04-25,Aman,Delhi,Home,abc,Cash
1790,2026-04-21,Ravi,Mumbai,Sports,abc,Cash
1791,2026-04-09,Simran,Pune,Sports,2085,UPI
1792,2026-04-14,Karan,Pune,Fashion,abc,Card
1793,2026-04-25,Rohit,Delhi,Grocery,2922,CARD
1794,2026-04-02,Neha,Mumbai,Grocery,abc,Cash
1795,2026-04-24,Rahul,Mumbai,Sports,802,Cash
1796,2026-04-11,Priya,mumbai,Home,2456,CARD
1797,2026-04-07,Sneha,Mumbai,Fashion,-500,Card
1798,2026-04-20,Aman,Jaipur,Home,abc,UPI
1799,2026-04-02,Rohit,Mumbai,Sports,0,Card
1800,2026-04-21,Rahul,jaipur,Home,abc,Card
1801,2026-04-01,Rohit,pune,Fashion,3050,CARD
1802,2026-04-29,Karan,,Sports,4265,UPI
1803,2026-04-17,Vivek,Jaipur,Electronics,0,Cash
1804,2026-04-11,Vivek,pune,Fashion,-500,UPI
1805,2026-04-12,,mumbai,Fashion,-500,Card
1806,2026-04-29,Simran,Jaipur,Sports,-500,Card
1807,2026-04-11,Simran,Delhi,Electronics,0,CARD
1808,2026-04-14,Neha,Delhi,Home,0,Card
1809,2026-04-18,Aman,Mumbai,Fashion,abc,Cash
1810,2026-04-23,Sneha,Delhi,Home,-500,Cash
1811,2026-04-11,Priya,jaipur,Fashion,0,Card
1812,2026-04-25,Karan,pune,Home,1292,Card
1813,2026-04-05,Neha,jaipur,Fashion,-500,Cash
1814,2026-04-20,Ravi,Mumbai,Sports,-500,Cash
1815,2026-04-12,Priya,,Fashion,1991,CARD
1816,2026-04-28,Simran,,Home,0,Cash
1817,2026-04-08,Rahul,pune,Electronics,0,Card
1818,2026-04-24,,Mumbai,Fashion,0,UPI
1819,2026-04-28,Ravi,,Grocery,abc,CARD
1820,2026-04-13,Rahul,pune,Grocery,abc,CARD
1821,2026-04-17,Priya,,Home,4785,UPI
1822,2026-04-24,Rahul,pune,Sports,abc,UPI
1823,2026-04-15,Simran,mumbai,Grocery,-500,CARD
1824,2026-04-10,Ravi,Jaipur,Sports,abc,Cash
1825,2026-04-03,Sneha,jaipur,Fashion,abc,Cash
1826,2026-04-11,Vivek,Jaipur,Fashion,abc,CARD
1827,2026-04-29,Vivek,jaipur,Grocery,0,Card
1828,2026-04-03,Priya,,Grocery,1443,UPI
1829,2026-04-24,Sneha,Delhi,Home,abc,CARD
1830,2026-04-30,Karan,Delhi,Fashion,0,Cash
1831,2026-04-14,Rohit,mumbai,Home,1565,Card
1832,2026-04-29,Aman,Mumbai,Electronics,1580,Card
1833,2026-04-16,Vivek,Jaipur,Sports,abc,CARD
1834,2026-04-19,,,Home,0,CARD
1835,2026-04-20,Ravi,Jaipur,Fashion,3719,Card
1836,2026-04-02,Aman,Delhi,Electronics,0,Card
1837,2026-04-28,Rahul,mumbai,Grocery,0,UPI
1838,2026-04-14,Aman,Delhi,Grocery,501,Cash
1839,2026-04-30,Rahul,jaipur,Grocery,-500,Card
1840,2026-04-27,Priya,pune,Sports,abc,UPI
1841,2026-04-05,Priya,mumbai,Grocery,abc,CARD
1842,2026-04-23,Neha,Jaipur,Electronics,0,UPI
1843,2026-04-14,Ravi,Pune,Grocery,-500,Card
1844,2026-04-17,,,Home,abc,Cash
1845,2026-04-07,Rahul,jaipur,Electronics,-500,CARD
1846,2026-04-26,Ravi,pune,Home,0,UPI
1847,2026-04-18,,Mumbai,Electronics,-500,Cash
1848,2026-04-26,Priya,mumbai,Grocery,-500,Card
1849,2026-04-22,Karan,Pune,Home,150,UPI
1850,2026-04-11,Karan,,Home,0,UPI
1851,2026-04-05,,,Sports,abc,Card
1852,2026-04-30,Rahul,mumbai,Sports,abc,Card
1853,2026-04-07,Ravi,Pune,Grocery,4648,UPI
1854,2026-04-27,Rahul,Pune,Home,-500,Cash
1855,2026-04-06,Ravi,jaipur,Grocery,abc,Card
1856,2026-04-14,Priya,,Fashion,-500,Card
1857,2026-04-07,Sneha,mumbai,Fashion,-500,UPI
1858,2026-04-25,Neha,jaipur,Home,3165,UPI
1859,2026-04-07,Karan,,Sports,0,Card
1860,2026-04-25,Priya,Delhi,Fashion,0,UPI
1861,2026-04-23,Sneha,jaipur,Electronics,abc,Card
1862,2026-04-11,Vivek,Jaipur,Electronics,460,Card
1863,2026-04-21,Neha,Pune,Fashion,-500,Cash
1864,2026-04-18,Karan,,Electronics,-500,Card
1865,2026-04-09,Priya,Jaipur,Sports,0,UPI
1866,2026-04-18,Karan,mumbai,Fashion,-500,Card
1867,2026-04-06,Priya,mumbai,Sports,0,Card
1868,2026-04-02,Aman,Jaipur,Home,abc,UPI
1869,2026-04-02,Priya,pune,Home,abc,Cash
1870,2026-04-20,Karan,mumbai,Grocery,abc,Cash
1871,2026-04-30,Vivek,Delhi,Electronics,4470,CARD
1872,2026-04-10,,,Home,abc,Cash
1873,2026-04-28,Ravi,mumbai,Grocery,0,CARD
1874,2026-04-26,Karan,,Home,-500,UPI
1875,2026-04-04,Karan,,Home,abc,Cash
1876,2026-04-20,Ravi,Delhi,Sports,-500,UPI
1877,2026-04-11,Sneha,jaipur,Grocery,3423,CARD
1878,2026-04-08,Ravi,Mumbai,Sports,abc,Cash
1879,2026-04-03,Karan,Mumbai,Sports,abc,CARD
1880,2026-04-18,Neha,Delhi,Electronics,-500,CARD
1881,2026-04-11,Sneha,jaipur,Home,abc,Cash
1882,2026-04-03,Ravi,jaipur,Sports,abc,CARD
1883,2026-04-21,,Jaipur,Electronics,abc,Cash
1884,2026-04-25,Aman,Delhi,Home,1238,Card
1885,2026-04-07,Neha,Pune,Grocery,abc,Card
1886,2026-04-03,Ravi,Jaipur,Sports,-500,CARD
1887,2026-04-02,Karan,Jaipur,Electronics,-500,Card
1888,2026-04-28,Rahul,Mumbai,Home,-500,CARD
1889,2026-04-13,Simran,pune,Sports,abc,Cash
1890,2026-04-05,Neha,pune,Grocery,abc,CARD
1891,2026-04-28,,Delhi,Fashion,-500,UPI
1892,2026-04-05,Vivek,pune,Fashion,687,UPI
1893,2026-04-28,Vivek,pune,Sports,abc,Cash
1894,2026-04-18,Vivek,pune,Grocery,abc,Cash
1895,2026-04-20,Rahul,,Fashion,abc,Card
1896,2026-04-02,Rahul,,Grocery,-500,UPI
1897,2026-04-23,Priya,Delhi,Sports,abc,Card
1898,2026-04-17,Ravi,jaipur,Fashion,3908,CARD
1899,2026-04-20,Rahul,Pune,Sports,-500,UPI
1900,2026-04-17,Vivek,Pune,Home,abc,Card
1901,2026-04-06,Rahul,mumbai,Sports,-500,Card
1902,2026-04-19,Aman,Jaipur,Grocery,abc,UPI
1903,2026-04-03,Aman,jaipur,Grocery,abc,Card
1904,2026-04-09,Rohit,Jaipur,Electronics,-500,Cash
1905,2026-04-22,Vivek,Pune,Fashion,0,Card
1906,2026-04-06,Sneha,Jaipur,Grocery,abc,UPI
1907,2026-04-27,Vivek,pune,Home,0,Cash
1908,2026-04-07,Ravi,Pune,Electronics,0,Card
1909,2026-04-06,Vivek,pune,Home,1050,Card
1910,2026-04-13,,pune,Home,0,Card
1911,2026-04-01,Rohit,,Home,abc,Card
1912,2026-04-04,Sneha,Pune,Home,4443,Card
1913,2026-04-09,Priya,mumbai,Sports,-500,CARD
1914,2026-04-24,,Mumbai,Sports,0,Card
1915,2026-04-18,Rahul,Jaipur,Electronics,-500,UPI
1916,2026-04-17,Priya,,Grocery,3468,Cash
1917,2026-04-07,Rahul,Jaipur,Sports,-500,UPI
1918,2026-04-20,,jaipur,Electronics,0,UPI
1919,2026-04-22,,Delhi,Electronics,abc,Cash
1920,2026-04-15,,jaipur,Home,-500,Card
1921,2026-04-09,Aman,jaipur,Grocery,-500,UPI
1922,2026-04-11,Rahul,mumbai,Grocery,abc,Cash
1923,2026-04-16,Neha,pune,Fashion,3709,CARD
1924,2026-04-18,Simran,Mumbai,Sports,0,UPI
1925,2026-04-04,Rahul,jaipur,Electronics,-500,Card
1926,2026-04-29,Vivek,Delhi,Electronics,3752,UPI
1927,2026-04-05,Karan,pune,Sports,-500,UPI
1928,2026-04-16,Simran,pune,Electronics,abc,Cash
1929,2026-04-23,Vivek,jaipur,Sports,abc,Card
1930,2026-04-13,Rahul,jaipur,Grocery,-500,Card
1931,2026-04-25,Rohit,Mumbai,Fashion,abc,UPI
1932,2026-04-10,Simran,jaipur,Grocery,0,CARD
1933,2026-04-24,Neha,Delhi,Electronics,abc,Cash
1934,2026-04-16,Simran,jaipur,Sports,0,Card
1935,2026-04-01,Rahul,Pune,Electronics,abc,Card
1936,2026-04-04,Neha,,Sports,abc,Cash
1937,2026-04-30,Priya,Jaipur,Fashion,0,CARD
1938,2026-04-30,Ravi,Jaipur,Fashion,abc,Cash
1939,2026-04-21,Rahul,mumbai,Electronics,0,CARD
1940,2026-04-27,Priya,jaipur,Home,1498,Cash
1941,2026-04-14,Karan,pune,Grocery,0,UPI
1942,2026-04-11,Neha,Jaipur,Sports,0,Cash
1943,2026-04-04,Rohit,Delhi,Home,2848,Cash
1944,2026-04-15,Neha,Jaipur,Fashion,0,UPI
1945,2026-04-01,Vivek,jaipur,Electronics,0,UPI
1946,2026-04-23,,mumbai,Home,1569,CARD
1947,2026-04-05,,mumbai,Sports,0,CARD
1948,2026-04-06,Ravi,Jaipur,Sports,0,Cash
1949,2026-04-21,Rohit,Pune,Home,4195,UPI
1950,2026-04-07,Priya,jaipur,Sports,0,Card
1951,2026-04-15,,Mumbai,Grocery,0,UPI
1952,2026-04-26,Aman,,Home,1686,Cash
1953,2026-04-02,,Pune,Grocery,1408,Cash
1954,2026-04-11,Ravi,,Electronics,-500,UPI
1955,2026-04-06,Rahul,,Sports,0,UPI
1956,2026-04-24,Vivek,Pune,Home,0,Cash
1957,2026-04-25,Priya,Pune,Fashion,0,UPI
1958,2026-04-28,Neha,pune,Fashion,abc,UPI
1959,2026-04-02,Simran,Delhi,Fashion,abc,CARD
1960,2026-04-12,Aman,,Fashion,abc,Card
1961,2026-04-11,Aman,Jaipur,Sports,0,UPI
1962,2026-04-04,Vivek,,Home,0,Cash
1963,2026-04-29,Rohit,Delhi,Sports,0,Cash
1964,2026-04-03,Simran,,Fashion,0,CARD
1965,2026-04-01,Simran,Mumbai,Fashion,-500,Card
1966,2026-04-29,Ravi,Delhi,Sports,0,UPI
1967,2026-04-02,Vivek,Jaipur,Home,3522,CARD
1968,2026-04-15,Vivek,Mumbai,Electronics,4026,UPI
1969,2026-04-05,Karan,mumbai,Fashion,0,UPI
1970,2026-04-22,Rohit,Delhi,Home,abc,UPI
1971,2026-04-25,Aman,pune,Fashion,abc,Card
1972,2026-04-28,,jaipur,Home,3903,Card
1973,2026-04-10,Simran,mumbai,Sports,4449,Cash
1974,2026-04-24,Rahul,Pune,Electronics,-500,UPI
1975,2026-04-15,Ravi,Jaipur,Grocery,-500,Card
1976,2026-04-18,Neha,Delhi,Grocery,1535,Cash
1977,2026-04-21,Vivek,Mumbai,Fashion,4520,Card
1978,2026-04-17,,pune,Grocery,-500,UPI
1979,2026-04-12,Vivek,,Sports,-500,UPI
1980,2026-04-15,Ravi,Pune,Electronics,-500,Cash
1981,2026-04-03,Simran,Delhi,Grocery,3850,UPI
1982,2026-04-09,Priya,Delhi,Home,0,Cash
1983,2026-04-10,Simran,Delhi,Home,1773,Card
1984,2026-04-24,,Jaipur,Grocery,abc,Cash
1985,2026-04-28,Neha,Pune,Home,615,Card
1986,2026-04-19,,,Home,abc,Card
1987,2026-04-29,Rohit,Delhi,Grocery,0,Cash
1988,2026-04-10,Rahul,Delhi,Grocery,-500,Card
1989,2026-04-20,Aman,mumbai,Fashion,0,Cash
1990,2026-04-08,Priya,Jaipur,Grocery,0,Cash
1991,2026-04-12,Aman,Mumbai,Sports,-500,UPI
1992,2026-04-05,Karan,,Sports,-500,Cash
1993,2026-04-04,Rahul,pune,Home,-500,Cash
1994,2026-04-05,Rahul,Pune,Grocery,-500,CARD
1995,2026-04-26,Ravi,,Grocery,0,UPI
1996,2026-04-05,,jaipur,Grocery,4023,UPI
1997,2026-04-15,Karan,jaipur,Grocery,0,UPI
1998,2026-04-26,Rohit,Mumbai,Electronics,0,UPI
1999,2026-04-22,,jaipur,Sports,abc,CARD
2000,2026-04-11,Ravi,Jaipur,Grocery,abc,CARD
1508,2026-04-26,Ravi,Mumbai,Fashion,abc,CARD
1819,2026-04-28,Ravi,,Grocery,abc,CARD
1453,2026-04-04,Vivek,Jaipur,Grocery,abc,Cash
1369,2026-04-01,Neha,Delhi,Home,-500,UPI
1243,2026-04-13,Vivek,Jaipur,Home,654,Card
1930,2026-04-13,Rahul,jaipur,Grocery,-500,Card
1263,2026-04-26,,Pune,Grocery,3746,UPI
1811,2026-04-11,Priya,jaipur,Fashion,0,Card
1319,2026-04-10,Ravi,Jaipur,Grocery,-500,Card
1050,2026-04-03,,pune,Grocery,2157,UPI
1447,2026-04-05,Simran,pune,Grocery,-500,Cash
1143,2026-04-11,Ravi,pune,Electronics,-500,Card
1969,2026-04-05,Karan,mumbai,Fashion,0,UPI
1346,2026-04-28,Karan,jaipur,Sports,abc,Cash
1972,2026-04-28,,jaipur,Home,3903,Card
1134,2026-04-30,Rohit,mumbai,Home,abc,CARD
1105,2026-04-24,Neha,Pune,Electronics,1988,Cash
1007,2026-04-18,Priya,pune,Electronics,abc,Card
1601,2026-04-25,Simran,Jaipur,Sports,2868,UPI
1497,2026-04-02,Rahul,Delhi,Sports,-500,Cash
1703,2026-04-22,,,Sports,1082,UPI
1473,2026-04-15,Rohit,Mumbai,Electronics,-500,Cash
1599,2026-04-05,Simran,jaipur,Grocery,abc,Cash
1503,2026-04-30,Vivek,Delhi,Grocery,1909,UPI
1434,2026-04-22,,Delhi,Electronics,-500,CARD
1120,2026-04-26,Rohit,mumbai,Home,0,UPI
1109,2026-04-04,Rahul,mumbai,Home,abc,CARD
1648,2026-04-12,Rohit,,Sports,abc,UPI
1590,2026-04-17,Vivek,,Fashion,0,UPI
1375,2026-04-03,Rohit,Delhi,Home,2118,Cash
1911,2026-04-01,Rohit,,Home,abc,Card
1719,2026-04-25,Rohit,Pune,Grocery,0,CARD
1745,2026-04-27,Aman,Jaipur,Grocery,2805,CARD
1495,2026-04-02,Priya,Jaipur,Fashion,abc,Cash
1405,2026-04-26,Sneha,Delhi,Grocery,4829,Card
1275,2026-04-21,Neha,pune,Sports,-500,UPI
1079,2026-04-05,Aman,Mumbai,Home,2719,Cash
1722,2026-04-08,Karan,Pune,Grocery,-500,Card
1645,2026-04-23,Ravi,Delhi,Sports,-500,Card
1615,2026-04-18,Rahul,Jaipur,Grocery,-500,Cash
1873,2026-04-28,Ravi,mumbai,Grocery,0,CARD
1692,2026-04-12,Rohit,Mumbai,Sports,-500,Cash
1091,2026-04-25,Karan,Delhi,Sports,-500,UPI
1102,2026-04-15,Rahul,jaipur,Grocery,abc,Cash
1095,2026-04-01,Simran,,Electronics,-500,CARD
1578,2026-04-05,Priya,jaipur,Electronics,abc,Card
1538,2026-04-30,Karan,Mumbai,Grocery,3839,Card
1042,2026-04-30,Rohit,Mumbai,Grocery,-500,Cash
1454,2026-04-23,Aman,Jaipur,Fashion,1078,CARD
1996,2026-04-05,,jaipur,Grocery,4023,UPI
